Variable name,Time in Play,Data Point
PlayerHealth,0:2.98,100
Player Position,0:2.98,World Position: (-16.80, -2.60, -65.30)
PlayerHealth,0:5.99,100
Player Position,0:5.99,World Position: (-16.80, -2.60, -65.30)
PlayerHealth,0:8.99,100
Player Position,0:8.99,World Position: (-16.80, -2.60, -65.30)
PlayerHealth,0:11.99,100
Player Position,0:11.99,World Position: (-16.80, -2.51, -65.30)
PlayerHealth,0:15.00,100
Player Position,0:15.00,World Position: (-16.80, -2.51, -65.30)
PlayerHealth,0:18.00,100
Player Position,0:18.00,World Position: (-16.80, -2.51, -65.30)
PlayerHealth,0:21.00,100
Player Position,0:21.00,World Position: (-16.80, -2.51, -65.30)
PlayerHealth,0:24.00,100
Player Position,0:24.00,World Position: (-14.70, -2.51, -64.77)
PlayerHealth,0:27.00,100
Player Position,0:27.00,World Position: (-11.46, -1.92, -65.39)
PlayerHealth,0:30.01,100
Player Position,0:30.01,World Position: (0.40, -1.92, -57.77)
PlayerHealth,0:31.12,100
Player Position,0:31.12,World Position: (4.52, -1.92, -54.23)
